{"cameraMode":{"drawMode":0,"name":"Shaded","section":"Shading Mode"},"sceneLighting":true,"audioPlay":false,"sceneViewState":{"m_AlwaysRefresh":false,"showFog":true,"showSkybox":true,"showFlares":true,"showImageEffects":true,"showParticleSystems":true,"showVisualEffectGraphs":true,"m_FxEnabled":true},"in2DMode":false,"pivot":{"x":-0.0064698136411607269,"y":3.0242223739624025,"z":-2.5535025596618654},"rotation":{"x":0.03837477043271065,"y":-0.02697739377617836,"z":0.0010361241875216365,"w":0.9989064931869507},"size":3.302511692047119,"orthographic":true}